Date,Average temperature in degrees Celsius.,Minimum temperature in degrees Celsius.,Maximum temperature in degrees Celsius.,Total rainfall in mm.,Wind speed in km/h.,Air pressure in hPa.
1/1/2023,0.1,-2,3,0.2,2.6,1010
1/2/2023,-2.1,-3,-1,3,5.4,1007.9
1/3/2023,-5.5,-9,-3,0,1.8,1008.5
1/4/2023,-5.2,-11,1,0,6.9,1014.4
1/5/2023,-4.7,-8,1,0,2.7,1017.1
1/6/2023,0,-7,7,0,4.1,1015.5
1/7/2023,-0.2,-3,4,0,3.3,1023
1/8/2023,2.3,-5,12,0,7.6,1018.6
1/9/2023,5.8,0,11,0,9,1014.8
1/10/2023,6.1,-1,13,0,20.9,1008
1/11/2023,1,-1,3,0.6,5.8,1012.4
1/12/2023,-0.3,-4,4,0,3.1,1026.6
1/13/2023,2.4,-2,8,0,2.8,1022.1
1/14/2023,8.8,0,16,0,8.6,1008.8
1/15/2023,4,1,7,0,5.3,999.6
1/16/2023,1.5,-2,7,0,4.7,1002.1
1/17/2023,-0.8,-3,2,4.3,5.3,1004.4
1/18/2023,-2.4,-4,-1,9.1,7.1,1007.1
1/19/2023,-2.2,-6,0,0,4,1013.9
1/20/2023,-3.6,-7,0,0,0.8,1019.7
1/21/2023,-3.3,-8,0,0,4.4,1017.8
1/22/2023,-0.5,-5,5,0,4.6,1012.3
1/23/2023,-1.6,-3,1,0,4,1018
1/24/2023,-2.8,-6,1,0,4.4,1017
1/25/2023,-2.5,-7,1,0.1,4.2,1020.3
1/26/2023,0.3,-6,4,0,13,1019
1/27/2023,2.6,0,5,0.6,8.3,1009.5
1/28/2023,-3.5,-12,2,0.6,5.8,1011.2
1/29/2023,-15.3,-18,-12,0.6,7.7,1017.5
1/30/2023,-16.7,-20,-13,0.8,3.2,1018.6
1/31/2023,-11.7,-20,-3,0,3.9,1017.9
2/1/2023,-3.2,-11,6,0,4.7,1018.4
2/2/2023,-0.5,-6,6,0,4.2,1025
2/3/2023,8.8,6,15,0,10.9,1021.2
2/4/2023,8.8,5,11,0,12.6,1017
2/5/2023,2.5,0,7,0,3.6,1013.1
2/6/2023,4,1,7,0,13.9,1011.8
2/7/2023,2.6,-1,8,0,8.4,1021.5
2/8/2023,2.4,-3,10,0.6,11.5,1016.5
2/9/2023,-1.3,-6,1,0.7,12.5,1026.4
2/10/2023,-1.5,-8,7,0,2.8,1025
2/11/2023,3.4,-3,11,0,4.3,1016.8
2/12/2023,3.5,-1,9,0,5.2,1016.5
2/13/2023,5,-1,13,0,6.3,1005.3
2/14/2023,4,-2,10,0.1,11.1,994.5
2/15/2023,-9,-11,-4,7.9,7.6,1014.8
2/16/2023,-7,-13,0,0,3.7,1020.5
2/17/2023,0.7,-9,10,0,6.1,1019.6
2/18/2023,7.3,4,12,0,12.8,1011.2
2/19/2023,6,3,8,0,19.5,1010.1
2/20/2023,9,3,12,0,18.7,1007.2
2/21/2023,7.8,1,17,0.2,11.1,995.6
2/22/2023,-12.5,-20,0,8.9,10.6,999.6
2/23/2023,-17.5,-23,-13,0.5,2.7,1015
2/24/2023,-7.6,-18,5,0,4.9,1018.1
2/25/2023,3.5,-7,16,0,7.6,1015.4
2/26/2023,5.4,-2,15,0,6.2,1000.8
2/27/2023,5.7,1,10,0,20.9,1005.5
2/28/2023,3.2,0,10,0,18.2,1003.1
3/1/2023,-1.4,-5,1,1.1,8.5,1007.8
3/2/2023,0.9,-6,10,0,4.8,1006.3
3/3/2023,2,-2,8,1.7,5.4,1005.5
3/4/2023,-0.6,-4,3,0,6.6,1010.3
3/5/2023,2.7,-6,12,0.2,9.8,1007.6
3/6/2023,1.4,-5,7,0,7.3,1016.3
3/7/2023,-0.9,-2,1,0,6.6,1018.6
3/8/2023,0.1,-1,2,1.7,4.7,1017.8
3/9/2023,4.3,-2,12,0.7,14.8,1017.3
3/10/2023,5.8,-2,15,0,8.2,1007.6
3/11/2023,8.1,2,13,0.5,10.1,1007.6
3/12/2023,0.3,-3,4,0,5.2,1017.6
3/13/2023,2.9,-4,11,0,4.1,1017.1
3/14/2023,8.3,0,17,0,6.1,1013.3
3/15/2023,11.7,5,20,0.9,12.3,1004.1
3/16/2023,0.8,-2,6,5.8,9.2,1017.2
3/17/2023,0.5,-5,6,0,5.3,1021.3
3/18/2023,0.3,-7,8,0,5.9,1024.6
3/19/2023,4,-5,12,0,8.2,1016.6
3/20/2023,6.6,1,12,0,6.7,1006.2
3/21/2023,6.8,0,13,0,12.5,1005.8
3/22/2023,1.5,0,5,6.5,5.6,1009.8
3/23/2023,3.2,-2,10,0.2,5.7,1012.8
3/24/2023,4.4,-2,12,0,5.6,1008.3
3/25/2023,0.5,-3,4,2.4,17.4,1008.8
3/26/2023,0.2,-4,4,0,7.9,1013.5
3/27/2023,-1.4,-3,1,1.6,9.8,1020.5
3/28/2023,0.6,-7,8,0,6.2,1021.3
3/29/2023,2.5,-1,8,0,3.8,1013.9
3/30/2023,5.3,-2,17,0.6,12.2,1000.8
3/31/2023,5.9,2,10,0,24.8,1005.5
4/1/2023,10.7,2,17,0,12,1013.4
4/2/2023,14.2,8,20,0,17.9,1006
4/3/2023,7.1,2,12,0,13.5,1001.3
4/4/2023,-2.3,-5,2,4.2,14.5,1002.4
4/5/2023,-2.1,-9,5,0.4,6.6,1015.9
4/6/2023,4,-4,12,0,4.1,1022.8
4/7/2023,8.8,0,19,0,5.4,1019.6
4/8/2023,11.3,2,18,0,5.5,1017.2
4/9/2023,12.9,5,21,0,8.4,1023.3
4/10/2023,13.9,4,25,0,4.2,1025.5
4/11/2023,18.8,7,29,0,7.6,1018
4/12/2023,19.3,10,27,0,9.9,1008.7
4/13/2023,16.7,9.6,23,0,15.1,998.8
4/14/2023,4.1,0,16,8.1,7.1,1008.8
4/15/2023,4.8,0,10,0.2,10.8,1020
4/16/2023,8.2,0,17,0,5.2,1021.9
4/17/2023,13.3,2,22,0,5.8,1011.4
4/18/2023,14.5,6,23,0,9.6,1001.8
4/19/2023,8.3,3,13,4.8,12,1006.7
4/20/2023,4.5,0,10,0.3,19.7,1017.9
4/21/2023,4.7,0,10,1.5,12.3,1018.9
4/22/2023,-0.2,-3,2,1.6,5.5,1021.7
4/23/2023,5.9,-2,13,0,3.4,1016.3
4/24/2023,10.3,3,18,0.1,5.7,1010.8
4/25/2023,8.3,4,13,11.4,13.2,1011.8
4/26/2023,8.4,4,15,6.1,5.8,1018.8
4/27/2023,11.5,4,19,4.4,14.9,1013.2
4/28/2023,8.2,2,14,1.1,8.4,1022.3
4/29/2023,14.8,6,22,0,5,1019.9
4/30/2023,13.2,7,20,0,5.7,1017.9
5/1/2023,13,4,21,0,5.6,1014.8
5/2/2023,12.5,7,17,1.8,4.8,1015.9
5/3/2023,17.5,8,26,0,6.1,1013.5
5/4/2023,15.8,11,22,2,8.1,1010.9
5/5/2023,15.5,8,22,0.7,9.1,1010.7
5/6/2023,13.8,5,20,0.5,8.9,1012.6
5/7/2023,14.9,9,20,1,8,1015.1
5/8/2023,15,6,22,1.4,5,1016.6
5/9/2023,16,7,24,2.2,5.3,1015.3
5/10/2023,11.2,8,13,7.9,5.5,1015.3
5/11/2023,9.3,8,11,26.2,5.4,1012
5/12/2023,11.7,8,17,12.8,6.1,1018.1
5/13/2023,11.8,7,15,10.6,5,1025.4
5/14/2023,11.2,9,16,18.6,7.5,1030.9
5/15/2023,11.2,8,14,3.5,5.1,1030.6
5/16/2023,16.4,7,25,0.7,5.3,1021.8
5/17/2023,17.3,9,26,2.9,4.7,1017.5
5/18/2023,13.3,10,20,5.8,5.6,1019.6
5/19/2023,11.1,9,13,2.9,3.3,1026.5
5/20/2023,13.9,9,18,2.9,4.6,1024.5
5/21/2023,17.8,11,23,0,8.3,1021.2
5/22/2023,17.3,12,24,0,4.3,1017.7
5/23/2023,18,10,25,0,4,1017.3
5/24/2023,15.7,12,20,8.1,6.6,1017.7
5/25/2023,15.8,10,21,1.5,5.2,1016
5/26/2023,14.8,10,19,3.5,7.2,1017.3
5/27/2023,16.2,10,24,0.7,7.2,1014.5
5/28/2023,17,11,23,0.3,6.5,1015.7
5/29/2023,18.9,11,27,0.7,4,1015.5
5/30/2023,18.3,11,25,0.4,6,1015.4
5/31/2023,16.8,11,23,2.9,7.5,1013.9
6/1/2023,15.6,11,22,3.4,5.8,1012.8
6/2/2023,15.7,11,21,6.8,6.7,1014.6
6/3/2023,13.8,12,17,6.1,3.2,1019.5
6/4/2023,12.8,12,15,22.6,3.5,1022.3
6/5/2023,15.7,12,21,5.9,3,1022.3
6/6/2023,16.6,10,22,1.2,3,1018.5
6/7/2023,17.8,12,25,2.1,7.3,1016.3
6/8/2023,18.9,15,24,2.7,7.3,1017.3
6/9/2023,18.6,13,26,1.4,6.4,1017.2
6/10/2023,17.2,11,22,0.5,5.3,1016.6
6/11/2023,14.3,11,17,7.4,3.3,1019.7
6/12/2023,13.3,10,17,6.1,5,1017.3
6/13/2023,13.2,10,19,5.5,2.4,1016.7
6/14/2023,17.4,9,25,0,5.4,1013
6/15/2023,16.7,12,23,8.3,5.1,1013.3
6/16/2023,12.4,10,16,24.7,2.1,1020.7
6/17/2023,15.5,9,23,1,4.6,1017.7
6/18/2023,20.2,11,28,0,5.2,1011.9
6/19/2023,24.1,12,31,0,8.2,1010.8
6/20/2023,22.2,15,30,0,7.3,1015.1
6/21/2023,19.8,15,26,4,3.8,1018.7
6/22/2023,18.5,15,26,5.5,7.7,1019.4
6/23/2023,20.2,15,25,0,4.9,1014.4
6/24/2023,22.7,15,30,0,11.8,1017.9
6/25/2023,19.2,12,26,0,5,1022
6/26/2023,21.2,13,28,0,3.4,1016.9
6/27/2023,24.2,15,32,0,5.8,1012.3
6/28/2023,22.5,18,27,1.6,5.4,1016
6/29/2023,19.6,17,26,3,7.2,1019.2
6/30/2023,16.2,13,20,1.5,6.9,1021.9
7/1/2023,20,13,27,0.6,6.8,1022.1
7/2/2023,22.9,15,30,0.6,5.4,1019.7
7/3/2023,24.3,15,32,0,7.1,1018.3
7/4/2023,20.6,13,27,15.3,9.3,1019.7
7/5/2023,13.5,12,15,6.2,4.9,1023.1
7/6/2023,17.4,13,22,6.1,4.4,1019.3
7/7/2023,18.4,14,24,9,6.9,1019.8
7/8/2023,19,14,24,0.2,6.4,1019.1
7/9/2023,20.1,13,26,0.2,4,1019.8
7/10/2023,24.5,15,32,0,5.9,1017.7
7/11/2023,26.2,17,35,0,5.5,1017.5
7/12/2023,26,20,31,0,6.9,1018.4
7/13/2023,26,18,32,0,8.1,1017.7
7/14/2023,22.6,18,27,0,7.1,1020.4
7/15/2023,21.6,15,28,0,5.3,1023.6
7/16/2023,23.5,15,31,0,6.4,1022.3
7/17/2023,26.4,18,35,2,6.2,1020
7/18/2023,27,18,35,0.1,7.7,1019.8
7/19/2023,24.5,21,28,0.2,7.2,1024.1
7/20/2023,19.2,15,25,7.9,9.1,1026.5
7/21/2023,19.2,13,27,0.3,5.5,1026.1
7/22/2023,22.8,13,31,0,5,1023.4
7/23/2023,24.9,16,35,0,4.6,1022.1
7/24/2023,26.2,18,35,0,4.4,1022.8
7/25/2023,27.2,19,35,0.2,8.9,1021.8
7/26/2023,26.5,20,34,1.1,5.3,1022.6
7/27/2023,25.9,17,35,0,7.4,1021.4
7/28/2023,23.5,18,34,1.3,6.4,1023.6
7/29/2023,22.1,16,28,0,5.8,1025.4
7/30/2023,25.1,17,33,0.2,4.7,1023.2
7/31/2023,23.4,17,31,1.8,6.7,1022.9
8/1/2023,20.9,16,26,7,8.7,1022.9
8/2/2023,21.5,16,27,3.3,3.1,1022.3
8/3/2023,21.3,16,27,0.3,5.1,1021.3
8/4/2023,23.2,15,32,1.5,4.2,1020.3
8/5/2023,21,16,28,0.2,5.2,1023
8/6/2023,16.8,15,18,2.5,5,1026
8/7/2023,18.5,11,28,1.1,5.5,1021.8
8/8/2023,19.6,12,27,0,3.3,1018.8
8/9/2023,20.5,13,28,0,4.4,1017.9
8/10/2023,23.1,15,32,0.5,9.9,1015.9
8/11/2023,25.3,21,32,0,6.5,1018.3
8/12/2023,23,17,28,0,7.7,1019.5
8/13/2023,20.2,16,25,0,8.6,1025
8/14/2023,19,12,26,0,4.8,1029.2
8/15/2023,22.6,12,32,0,3,1025.3
8/16/2023,27.2,17,35,0,11,1020.4
8/17/2023,24.8,17,32,0,5.6,1021.5
8/18/2023,26.6,17,35,0.2,5.5,1017.2
8/19/2023,25.8,19,33,0.5,6.1,1021.4
8/20/2023,24,17,32,0,3.4,1024
8/21/2023,26.2,15,36,0,9.1,1022.4
8/22/2023,26.4,18,35,0,5.6,1022.8
8/23/2023,25.7,19,33,0,5.3,1022.4
8/24/2023,25.5,19,32,0.1,7.7,1021.1
8/25/2023,17.6,14,21,16,7.9,1027
8/26/2023,18.4,15,24,0,3.9,1027.1
8/27/2023,19.6,15,28,3.2,7,1023.7
8/28/2023,18.7,14,25,2.7,4,1026
8/29/2023,20,13,27,0,3.3,1026.5
8/30/2023,23.7,12,34,0,4.6,1018.7
8/31/2023,25.6,18,35,0,5.7,1016
9/1/2023,26.2,16,35,0,7.5,1017.4
9/2/2023,25.8,20,32,0,7,1021
9/3/2023,23.8,18,30,2.2,7.9,1018.5
9/4/2023,22,15,28,0,8.9,1010.8
9/5/2023,18.9,13,25,0,6.9,1020.1
9/6/2023,19.8,9,30,0,4,1021.2
9/7/2023,22.9,13,32,0,8.8,1020.1
9/8/2023,22.7,15,32,0,5.2,1023.5
9/9/2023,22.7,15,30,0,5.4,1024.7
9/10/2023,15,13,18,6.6,3.6,1026.1
9/11/2023,14.5,12,20,2.9,5,1025.7
9/12/2023,16.3,10,24,0.5,3.7,1021.6
9/13/2023,18.4,10,26,0,5.6,1017.8
9/14/2023,14.5,11,21,7.1,5.4,1021.4
9/15/2023,13.8,11,18,2.7,2.3,1025.6
9/16/2023,16.4,8,23,0,5.8,1025.1
9/17/2023,19,10,27,0,4.3,1022
9/18/2023,21.6,17,28,0,10.2,1017.4
9/19/2023,20.4,17,27,0,11,1015.9
9/20/2023,17.8,10,26,0.7,4.1,1015.7
9/21/2023,17.9,10,26,0,4.5,1015.5
9/22/2023,17.7,11,26,0,5,1015.4
9/23/2023,18,12,26,0,9.5,1016.6
9/24/2023,15.5,6,25,0,3.3,1021.3
9/25/2023,17.6,8,27,0,3.7,1024.4
9/26/2023,18,10,27,0,1.7,1023
9/27/2023,19.8,10,30,0,3.5,1018.4
9/28/2023,21,11,31,0,6.5,1014.1
9/29/2023,18.6,11,27,0,4.9,1015.3
9/30/2023,18,8,27,0.4,6.3,1015
10/1/2023,21.8,16,29,0,12.8,1013.4
10/2/2023,18,11,27,2.4,8.9,1014.4
10/3/2023,13.1,7,19,0,6.8,1014.5
10/4/2023,14.2,9,22,0,5.8,1019.9
10/5/2023,12.8,7,21,0,5.3,1025.7
10/6/2023,8.5,5,12,0.7,2.7,1030.4
10/7/2023,11.8,3,22,0,3.1,1025.2
10/8/2023,15.3,7,25,0,2.4,1021.1
10/9/2023,16.3,7,27,0,5.7,1015.3
10/10/2023,17.8,8,27,0,6.8,1008.5
10/11/2023,14.3,9,20,1.1,8.7,1000.5
10/12/2023,9.6,6,15,4,11.7,1002.5
10/13/2023,7,1,13,0.1,4.4,1021.3
10/14/2023,5.9,1,12,0,3.1,1026.5
10/15/2023,10.1,2,19,0,4.1,1028.9
10/16/2023,13.5,5,23,0,4,1024.9
10/17/2023,17,8,28,2,7.9,1016.6
10/18/2023,15.2,6,22,0,5.3,1020.1
10/19/2023,15.8,7,26,0,5.2,1022.3
10/20/2023,19.3,9,30,0,4.2,1019.1
10/21/2023,16.5,8,25,0,4.8,1016.3
10/22/2023,14.3,6,23,0,3.3,1013.1
10/23/2023,14.6,7,24,0,4.1,1009.3
10/24/2023,12.5,7,20,0.1,3.4,1013
10/25/2023,9.8,4,16,0,3.7,1012.8
10/26/2023,5.3,2,8,0,5.3,1012.6
10/27/2023,1,-1,5,0,4,1021.3
10/28/2023,-2.1,-3,0,9.7,6.4,1021.3
10/29/2023,-4.3,-7,-2,5.2,3.6,1028.4
10/30/2023,-2.9,-10,4,0,2.7,1025.8
10/31/2023,1.6,-5,9,0,2.3,1026
11/1/2023,7.3,0,15,0,6,1020.9
11/2/2023,10.5,1,21,0,4.2,1018.2
11/3/2023,15.7,10,21,0,10.1,1019.5
11/4/2023,10.5,3,19,0,3.1,1021.9
11/5/2023,15.7,7,25,0,10.6,1014.2
11/6/2023,12.7,5,22,0,2.5,1012.3
11/7/2023,13.5,6,23,0,7.1,1009.3
11/8/2023,4.1,2,7,11,8.5,1019.6
11/9/2023,3.5,-1,10,0,5,1023.7
11/10/2023,4.1,-3,13,0,4.3,1020.1
11/11/2023,8.5,0,15,0,8.7,1019.5
11/12/2023,9,2,17,0,4.7,1025.3
11/13/2023,7.3,0,17,0,2.1,1023.1
11/14/2023,14.5,4,22,0,10.8,1019.4
11/15/2023,10.3,5,19,0,3.9,1019.5
11/16/2023,12.5,6,19,0,15.2,1013
11/17/2023,8,2,15,0,4.6,1019
11/18/2023,7.8,2,15,0,2.7,1015.4
11/19/2023,8.4,3,12,1,6.6,1008.9
11/20/2023,6.2,2,10,1,12.4,1023.3
11/21/2023,5.4,-1,13,0,4.4,1029.7
11/22/2023,9.6,1,18,0,5,1018.9
11/23/2023,1.6,-4,5,3,7.7,1020
11/24/2023,-6.6,-8,-5,4.2,6.7,1021.3
11/25/2023,-7.3,-10,-4,1.2,3.6,1017.7
11/26/2023,-4.2,-9.7,1,0,7.5,1021.8
11/27/2023,-1.5,-10,7,0,4.6,1022.9
11/28/2023,3.1,-3,8,0,6.7,1021.5
11/29/2023,2.6,-3,10,0,3,1012
11/30/2023,-0.6,-3,2,0,4.5,1010.1
12/1/2023,-1.8,-5,3,0,1,1007.7
12/2/2023,1.8,-5,5,0,21.3,1008
12/3/2023,1.9,0,4,3.1,10.9,1010.8
12/4/2023,6.9,-2,15,0,10.4,1017.3
12/5/2023,6.9,-1,16,0,6.7,1024.3
12/6/2023,7.7,1,18,0,2.1,1019.3
12/7/2023,10.1,2,16,0,15.3,1006.1
12/8/2023,2.2,-2,6,5.4,10.1,1010.3
12/9/2023,-2.2,-6,2,2.1,3.5,1025
12/10/2023,3.5,-7,10,0,13.1,1017.2
12/11/2023,4.1,0,8,0,6.2,1019.9
12/12/2023,-0.1,-1,2,0,4.7,1024
12/13/2023,0.1,-1,1,2.1,2.5,1028
12/14/2023,0.1,-2,2,0,2.6,1022.4
12/15/2023,2.9,-3,11,0,4,1024.9
12/16/2023,8.1,-1,17,0,10.8,1020.6
12/17/2023,10.1,2,17,0,11.6,1022.3
12/18/2023,3,-2,8,0,2.4,1019.3
12/19/2023,12.2,7,18,0,6.9,1013.4
12/20/2023,8.9,5,16,0,5.1,1017.3
12/21/2023,8.7,3,16,0,5.3,1020.5
12/22/2023,5.2,0,14,0,3.4,1018
12/23/2023,5.9,1,11,1.1,3.8,1007.9
12/24/2023,-1.9,-6,0,5.2,5.8,1018
12/25/2023,-5.2,-10,-1,0,3.9,1016.5
12/26/2023,1.9,-3,5,0,3.9,1012.4
12/27/2023,3.9,-1,10,0,5,1020
12/28/2023,1.5,-4,10,0,3.7,1022.8
12/29/2023,4.3,-2,13,0,6.1,1022.8
12/30/2023,4.3,0,12,0,4.2,1018.5
12/31/2023,0.6,-2,5,0,1.5,1019.5
1/1/2024,3.8,-4,13,0,3.6,1019.9
1/2/2024,1.9,-3,8,0,4.5,1020.8
1/3/2024,1.3,-3,8,0,1.3,1016.8
1/4/2024,-1.7,-3,0,0,1.7,1012.6
1/5/2024,0.8,-4,5,0,4.4,1011.1
1/6/2024,0,-6,5,0,5.1,1009.6
1/7/2024,-0.9,-5,3,0,4,1001.8
1/8/2024,-3,-6,0,0.4,8.3,1010
1/9/2024,-1.4,-10,7,0,11.3,1003.7
1/10/2024,0.5,-3,3,1.8,29.2,998.5
1/11/2024,-6.2,-12,-2,0.4,6.2,1001.3
1/12/2024,-4.8,-16,1,1.8,14.4,1003.1
1/13/2024,-20,-23,-16,3.5,4.4,1012
1/14/2024,-17.7,-21,-13,4.4,1.9,1010.4
1/15/2024,-18.8,-22,-16,3.8,6.6,1019
1/16/2024,-8.3,-22,4,0,7.6,1013.1
1/17/2024,1.9,-5,6,0.4,6.6,1004.4
1/18/2024,-0.4,-11,9,0,16.5,1015.7
1/19/2024,-4.7,-9,0,0,5.7,1024.3
1/20/2024,-3.3,-7,1,0,0.5,1015
1/21/2024,4,-3,8,0,5.1,1008.9
1/22/2024,4.2,0,10,0,3.3,1012.1
1/23/2024,4.3,-1,10,0,3.8,1013.4
1/24/2024,3.3,-1,10,0,3,1014.8
1/25/2024,3.4,-2,8,0,4.1,1015
1/26/2024,2.6,0,6,0.8,5.8,1023
1/27/2024,3,-2,10,0,6.1,1025.7
1/28/2024,6.1,-1,16,0,4.1,1026.2
1/29/2024,7.4,1,16,0,4.5,1026.8
1/30/2024,7,0,16,1.7,2.6,1023.5
1/31/2024,7.3,0,17,0,3.4,1017.8
2/1/2024,8.6,1,17,0,5.4,1011.2
2/2/2024,5,1,10,0.8,4.8,1002.7
2/3/2024,1.3,0,3,40.1,5.1,1001.7
2/4/2024,-1,-4,0,0.2,3.1,1016.5
2/5/2024,0,-6,5,0,1.6,1017.4
2/6/2024,3.5,-1,10,0,3,1010.3
2/7/2024,3.1,-1,10,0,5,997.5
2/8/2024,4.8,-10.9,10,0,10.7,1003.1
2/9/2024,-1.3,-10.4,6,0.9,5.8,1010.8
2/10/2024,-1.5,-3,0,3.7,4.7,1015.1
2/11/2024,-1.7,-7,3,0,3.5,1017.6
2/12/2024,2.9,-3,10,0,3.8,1014.7
2/13/2024,4.5,0,12,0,7.9,1013.8
2/14/2024,2.8,-3,10,0,7.7,1013.2
2/15/2024,0.8,-2,7,0,5.6,1015
2/16/2024,-3.6,-8,-1,4.2,7.8,1020.7
2/17/2024,-4.3,-12,2,0.3,5.1,1023.1
2/18/2024,1.6,-6,7,0,3.4,1012.9
2/19/2024,7.9,3,13,0,8.3,1014.5
2/20/2024,11.1,1,18,0,14,1016.4
2/21/2024,8.1,2,16,0.2,8.5,1012.1
2/22/2024,3.3,2,6,0.4,5.5,1019.6
2/23/2024,6,1,12,0,11.7,1021
2/24/2024,8.5,-2,16,0,9.6,1014.8
2/25/2024,12.6,6,17,0,25.9,1010.7
2/26/2024,12.5,8,16,0,23,1004.5
2/27/2024,1.8,-3,8,4,11.3,1004.6
2/28/2024,4.1,-4,13,0,11.4,1016.3
2/29/2024,8.3,-1,17,0,6.9,1012.3
3/1/2024,12,7,18,0,13.4,1009.3
3/2/2024,11.8,3,20,0,13.9,1001
3/3/2024,4.5,0,9,2.3,17.1,1002.5
3/4/2024,2.5,-3,8,0,8.1,1010.5
3/5/2024,2.7,-4,8,0,5.3,1014.9
3/6/2024,6.2,-4,15,0,12.1,1008.1
3/7/2024,2.3,-1,7,1.4,6.5,1012.3
3/8/2024,-1.2,-2,0,1.7,4.2,1023.6
3/9/2024,4.3,-3,12,0,5.8,1020.7
3/10/2024,9.3,0,19,0,7.8,1015.3
3/11/2024,10.2,3,18,0,7.2,1010.3
3/12/2024,10.2,4,15,0.1,9.7,1010.4
3/13/2024,5.7,0,9,17.6,8.4,1008.8
3/14/2024,0.3,0,1,17.7,7,1021.3
3/15/2024,0.7,-1.4,4,5.6,5.4,1026.3
3/16/2024,3.9,-1,9,0,7.2,1021.5
3/17/2024,4.7,2,8,0,3.8,1023
3/18/2024,6,-1,13,0,6.2,1022.7
3/19/2024,9.7,2,16,0,5.6,1017.4
3/20/2024,8.5,2,15,0,6,1015.1
3/21/2024,10.1,1,18,0,7.7,1013
3/22/2024,9.1,0,16,0,5.1,1017.6
3/23/2024,8,1,16,0,3.4,1007.1
3/24/2024,3.8,-3,14,9.7,7.7,996
3/25/2024,-3.2,-7,0,1.5,5.2,1005.7
3/26/2024,-0.8,-6,5,0.2,2.7,1008.7
3/27/2024,4.8,-1,11,0,5.8,1014.7
3/28/2024,9,0,17,0,9,1011.2
3/29/2024,5.8,3,11,0.9,5.2,1010.8
3/30/2024,7.7,3,13,0.9,3.8,1009.5
3/31/2024,6.5,2,11,5.6,4.9,1004.1
4/1/2024,4.8,2,8,15.5,9.4,1009.7
4/2/2024,7.8,0,15,0,4.6,1019.9
4/3/2024,14,8,21,0,10.6,1018
4/4/2024,14.6,5,23,0,6.7,1012.7
4/5/2024,14.6,7,23,0,10.5,1004.5
4/6/2024,7.9,2.4,15,1.5,33.2,995.9
4/7/2024,5.3,1.5,14,0,40,1005.5
4/8/2024,6.8,0,14,0,4.7,1014
4/9/2024,8.2,0,16,0,5.5,1016.3
4/10/2024,9.4,5,13,0,10.3,1019.5
4/11/2024,9.5,4,16,0,5.3,1020.5
4/12/2024,14.5,3,25,0,5.9,1017.1
4/13/2024,17.5,10,23,0.3,8.4,1015
4/14/2024,18.8,8,27,0,9.9,1013.3
4/15/2024,14.3,8,23,2.5,14.8,1003.3
4/16/2024,13.9,8,19,2.6,16.7,1008.3
4/17/2024,14.7,4,23,0,12.7,1013.7
4/18/2024,0.4,0,2,3.4,7.5,1023.5
4/19/2024,0.5,0,3,7.6,7.7,1023.7
4/20/2024,0,-1,2,4.6,3.7,1026.2
4/21/2024,6.7,0,17,0,4.1,1022.9
4/22/2024,16.1,6,23,0,9.2,1011.8
4/23/2024,11.5,7,16,1.8,5.7,1019.3
4/24/2024,13.8,6,22,0,5.8,1015.6
4/25/2024,13.2,7,20,0.5,6,1008
4/26/2024,12.6,5,20,16.9,10.5,1003.6
4/27/2024,4,2,7,31.1,9.6,1011.3
4/28/2024,8.7,3,16,1.8,6,1012.4
4/29/2024,12.9,5,19,0,10.2,1012.7
4/30/2024,15,8,23,0,18.4,1010.2
5/1/2024,11.3,5,17,0.7,8.5,1010.4
5/2/2024,10.6,5,16,0.3,9.3,1013.6
5/3/2024,10.9,5,22,1.3,8.3,1012.5
5/4/2024,9.3,3,16,0,6.2,1018.1
5/5/2024,12.6,5,21,0,5.4,1005.4
5/6/2024,10.6,7,16,0.8,23.2,998
5/7/2024,8.8,6,11,0.1,16.8,1003.5
5/8/2024,9.2,5,14,0,15.5,1008.8
5/9/2024,8.2,6,11,0.2,6.6,1021.7
5/10/2024,9.5,6,15,2.7,4.8,1024.7
5/11/2024,11.1,3,17,0,6,1016.3
5/12/2024,12.6,9,18,7.7,9.5,1013.2
5/13/2024,15.7,8,22,0.6,5.3,1014.8
5/14/2024,18.4,13,24,0,13.8,1012.6
5/15/2024,14.1,8,18,1.3,8.5,1016
5/16/2024,16.1,7,23,0,5.4,1013.5
5/17/2024,21,14,27,0,11,1009.5
5/18/2024,17.2,12,22,0.5,7,1015.3
5/19/2024,19.6,14,26,0,14.5,1012.1
5/20/2024,13.6,8,18,0.1,7,1012.8
5/21/2024,10.5,7,16,10.4,8.8,1012.9
5/22/2024,14.3,4,23,0,8.9,1013.2
5/23/2024,16.1,7,27,0,10.3,1005.9
5/24/2024,14.2,5,24,0,6.6,1012.2
5/25/2024,15.6,10,22,1,9.2,1007.3
5/26/2024,16.5,11,22,0,14.8,1013.8
5/27/2024,18.7,12,25,0,7.8,1020.8
5/28/2024,18.1,11,26,0.4,5.7,1023.2
5/29/2024,19.4,10,27,0,5.1,1016
5/30/2024,19.4,12,26,0.3,8.1,1016.6
5/31/2024,15.1,11,20,0.3,7.4,1019.3
6/1/2024,19.3,10,27,1.1,4.9,1015.5
6/2/2024,20.5,12,30,0,6.9,1011.8
6/3/2024,22,12,30,0,11.2,1009.4
6/4/2024,22.7,17,27,0.5,21.8,1011.8
6/5/2024,25.2,16,32,0,14,1015.7
6/6/2024,22.8,13,31,0,4.7,1019.8
6/7/2024,24.7,14,34,0,9.5,1014.6
6/8/2024,20.8,16,28,1.3,3,1017.2
6/9/2024,18.1,12,25,2.3,8.5,1020.1
6/10/2024,20.3,14,28,1,6.1,1016.7
6/11/2024,22.5,15,31,0.4,4.8,1018.1
6/12/2024,25.8,16,35,0,6.8,1017.1
6/13/2024,27.3,19,35,0,9.8,1018.9
6/14/2024,20.8,16,25,0.7,6.2,1019.4
6/15/2024,23.7,13,33,1,4.6,1013.2
6/16/2024,22.1,15,28,0,5.8,1010.2
6/17/2024,21.9,13,30,0,4.2,1004
6/18/2024,19.1,14,23,0,11.5,1012.1
6/19/2024,16.8,10,24,11.2,6.9,1022.5
6/20/2024,21.4,13,31,1.8,5.8,1020.3
6/21/2024,21.6,16,28,1.1,7.2,1019.1
6/22/2024,23.3,14,32,0,8,1020.7
6/23/2024,27.8,21,36,0,6.5,1019.3
6/24/2024,26.8,19,37,1.5,7.7,1013.5
6/25/2024,26.4,17,37,0,5.6,1016.3
6/26/2024,22.5,18,29,7.6,5.7,1021
6/27/2024,23.7,17,32,1.9,10.4,1013.3
6/28/2024,26.3,22,33,0,16.2,1012.5
6/29/2024,20.9,15,27,0,4.5,1025
6/30/2024,23.5,16,32,0.2,6,1021.8
7/1/2024,23.8,20,31,0,5.3,1016.1
7/2/2024,23.8,16,31,0.1,11.9,1017.8
7/3/2024,23.9,14,33,0,6.7,1017.4
7/4/2024,19.6,11,28,0,6.7,1023.5
7/5/2024,19.8,14,25,1.5,7.3,1024.5
7/6/2024,24.2,15,32,0,9,1017.8
7/7/2024,18.3,15,25,0.6,8.3,1022.5
7/8/2024,20,10,28,0,5.2,1022.7
7/9/2024,22.6,13,30,0.4,4.7,1021.9
7/10/2024,24.8,17,33,0,7.2,1022.9
7/11/2024,26.5,17,35,0,3.4,1021.2
7/12/2024,27.8,17,37,0,5.2,1019.4
7/13/2024,27.4,18,37,0,5.1,1022.5
7/14/2024,28.5,20,37,0,9.2,1022.4
7/15/2024,26.1,18,34,0.4,6.7,1020.8
7/16/2024,23.2,16,30,2.3,7.1,1022
7/17/2024,22.4,17,30,0,4.7,1025.8
7/18/2024,22,15,31,0.4,2.5,1024.4
7/19/2024,22.8,17,31,0.4,11,1023.5
7/20/2024,22.2,15,30,0.9,7.6,1026.3
7/21/2024,20.4,16,26,2.5,6.7,1026.8
7/22/2024,21.7,13,29,0,6.1,1024.4
7/23/2024,24,15,31,0,4.6,1023.7
7/24/2024,25.3,17,34,0,4.7,1025.6
7/25/2024,27.3,17,36,0,7.6,1023.4
7/26/2024,24.7,20,30,0.5,7.1,1019.1
7/27/2024,24,17,32,2.1,5.7,1015.2
7/28/2024,25.6,16,35,0,11,1016
7/29/2024,27.1,16,36,0,6.3,1017.3
7/30/2024,29.4,22,36,0,8,1016
7/31/2024,27.1,18,35,0,7.8,1019.9
8/1/2024,26.5,18,36,0,5.1,1025.3
8/2/2024,27.3,18,35,0.2,6.3,1025.9
8/3/2024,26.8,18,35,0,5.3,1024.3
8/4/2024,26.6,19,35,0,8.3,1019.9
8/5/2024,26.2,21,33,0.8,8.9,1023.4
8/6/2024,24.4,17,33,1.2,9.1,1023.5
8/7/2024,24.2,18,32,0,9.1,1020.3
8/8/2024,15.8,15,19,8.3,8.1,1025.5
8/9/2024,15.6,13,20,3.6,7.6,1025.3
8/10/2024,18.7,13,27,0.6,6.7,1023.4
8/11/2024,21.6,15,30,0,11.6,1021
8/12/2024,22.7,16,30,0.1,5.7,1021.4
8/13/2024,20.5,16,30,7.4,7.2,1019.5
8/14/2024,21.6,15,31,1.4,7.8,1020
8/15/2024,22.3,16,30,0,8.6,1022.2
8/16/2024,23.2,15,33,0.3,4.8,1021.6
8/17/2024,26.1,16,36,0,8.8,1021.1
8/18/2024,26.9,18,35,0,10.5,1022.2
8/19/2024,24,18,30,0.6,7.9,1023.9
8/20/2024,25.5,17,35,0,5,1023
8/21/2024,26.1,18,34,3.8,8.9,1020.7
8/22/2024,23.2,18,30,2.5,7.1,1021.3
8/23/2024,21.4,16,28,0.3,5.5,1018.2
8/24/2024,22.2,16,30,0.2,6,1020.2
8/25/2024,23.3,18,30.6,0,9.7,1018.1
8/26/2024,22,16.1,28.8,0.3,8.9,1017.5
